{
  "v1__email-submission": {
    "email": "asdf@asdf.sadf",
    "calculationsData": {
      "property_value": 1000000,
      "downpayment": 200000,
      "interest_rate": 6,
      "term": 30
    }
  },
  "v1__calculations": {
    "best": {
      "annual_data": {
        "conventional_annual_payment": [
          63740.14506136559,
          63740.14506136559,
          63740.14506136559,
          63740.14506136559,
          63740.14506136559,
          63740.14506136559,
          63740.14506136559,
          63740.14506136559,
          63740.14506136559,
          63740.14506136559,
          63740.14506136559,
          63740.14506136559,
          63740.14506136559,
          63740.14506136559,
          63740.14506136559,
          63740.14506136559,
          63740.14506136559,
          63740.14506136559,
          63740.14506136559,
          63740.14506136559,
          63740.14506136559,
          63740.14506136559,
          63740.14506136559,
          63740.14506136559,
          63740.14506136559,
          63740.14506136559,
          63740.14506136559,
          63740.14506136559,
          63740.14506136559,
          63740.145061334144
        ],
        "conventional_cumulative_payment": [
          63740.14506136559,
          127480.29012273118,
          191220.43518409677,
          254960.58024546236,
          318700.7253068279,
          382440.8703681935,
          446181.01542955905,
          509921.1604909246,
          573661.3055522902,
          637401.4506136557,
          701141.5956750213,
          764881.7407363869,
          828621.8857977524,
          892362.030859118,
          956102.1759204835,
          1019842.3209818491,
          1083582.4660432148,
          1147322.6111045803,
          1211062.756165946,
          1274802.9012273115,
          1338543.046288677,
          1402283.1913500426,
          1466023.3364114081,
          1529763.4814727737,
          1593503.6265341393,
          1657243.7715955048,
          1720983.9166568704,
          1784724.061718236,
          1848464.2067796015,
          1912204.3518409356
        ],
        "conventional_loan_balance": [
          988117.3561950177,
          970215.727088806,
          948277.7279749941,
          916428.4947137104,
          886413.0999294725,
          863045.172760019,
          842976.5841279106,
          821461.5141203797,
          798395.7048642004,
          773667.3839033006,
          747156.722571032,
          718735.2553235979,
          688265.2572208444,
          655599.0765378041,
          620578.4192729578,
          583033.5820860821,
          542782.6299486422,
          499630.51452178846,
          453368.12898978416,
          403771.2947687686,
          350599.67518064356,
          293595.61082795745,
          232482.8710262363,
          166965.31524344627,
          96725.45806017997,
          21422.93069664235,
          0
        ],
        "hcl_annual_payment": [
          71550.37182718472,
          27186.52137039857,
          41825.99104196185,
          41458.21263896366,
          45539.79080632466,
          47733.88867176758,
          70206.89573091133,
          79675.18132670697,
          79675.18132670697,
          79675.18132670697,
          79675.18132670697,
          79675.18132670697,
          55602.802134524376,
          60006.93256066665,
          79675.18132670697,
          79675.18132670697,
          79675.18132670697,
          69544.20926133085,
          59085.10074458689,
          45320.957936967,
          59548.05158312702,
          67397.50709694265,
          62073.05281649706,
          58410.17690438208,
          65266.748701483935,
          61604.98083262395,
          16846.2427712766
        ],
        "hcl_cumulative_payment": [
          71550.37182718472,
          98736.89319758328,
          140562.88423954515,
          182021.0968785088,
          227560.88768483346,
          275294.77635660104,
          345501.6720875124,
          425176.85341421934,
          504852.0347409263,
          584527.2160676332,
          664202.3973943403,
          743877.5787210473,
          799480.3808555716,
          859487.3134162383,
          939162.4947429453,
          1018837.6760696523,
          1098512.8573963593,
          1168057.06665769,
          1227142.167402277,
          1272463.125339244,
          1332011.1769223711,
          1399408.684019314,
          1461481.736835811,
          1519891.9137401932,
          1585158.6624416772,
          1646763.6432743012,
          1663609.8860455777
        ],
        "hcl_loan_balance": [
          791842.1510726238,
          783096.3097979394,
          773720.0955185492,
          763668.0729112425,
          752891.5318161971,
          741338.2511969522,
          728952.2460873548,
          715673.4962992277,
          701437.6555761315,
          686175.7397838355,
          669813.7926265285,
          652272.5272688965,
          633466.9421274327,
          613305.9089691852,
          591691.7313219418,
          568519.6710559983,
          543677.4408434139,
          517044.6600353102,
          488492.2713205007,
          457881.9153386903,
          425065.2602177421,
          389883.2827860782,
          352165.4979771081,
          311729.1326915285,
          268378.24011419015,
          221902.75019368244,
          172077.45168344278,
          118660.90081155964,
          61394.251290893124,
          0
        ]
      }
    },
    "expected": {
      "annual_data": {
        "conventional_annual_payment": [
          63740.14506136559,
          63740.14506136559,
          63740.14506136559,
          63740.14506136559,
          63740.14506136559,
          63740.14506136559,
          63740.14506136559,
          63740.14506136559,
          63740.14506136559,
          63740.14506136559,
          63740.14506136559,
          63740.14506136559,
          63740.14506136559,
          63740.14506136559,
          63740.14506136559,
          63740.14506136559,
          63740.14506136559,
          63740.14506136559,
          63740.14506136559,
          63740.14506136559,
          63740.14506136559,
          63740.14506136559,
          63740.14506136559,
          63740.14506136559,
          63740.14506136559,
          63740.14506136559,
          63740.14506136559,
          63740.14506136559,
          63740.14506136559,
          63740.145061334144
        ],
        "conventional_cumulative_payment": [
          71550.37182718472,
          98736.89319758328,
          140562.88423954515,
          182021.0968785088,
          227560.88768483346,
          275294.77635660104,
          345501.6720875124,
          425176.85341421934,
          504852.0347409263,
          584527.2160676332,
          664202.3973943403,
          743877.5787210473,
          799480.3808555716,
          859487.3134162383,
          939162.4947429453,
          1018837.6760696523,
          1098512.8573963593,
          1168057.06665769,
          1227142.167402277,
          1272463.125339244,
          1332011.1769223711,
          1399408.684019314,
          1461481.736835811,
          1519891.9137401932,
          1585158.6624416772,
          1646763.6432743012,
          1663609.8860455777
        ],